Metric / Parameter,Frozen Production XGBoost,Experimental Hybrid QML,Benchmark Status / Note
Architecture,"Gradient Boosted Trees (200 trees, max_depth=3)",Unverified (artifact missing from local system),Verified from swarsanket_xgboost_final.pkl
Artifact Status,Verified (backend/models/swarsanket_xgboost_final.pkl),Unverified (artifact file not found),XGBoost model file present (219 KB)
Accuracy (Held-out Test),84.72%,77.08%,Held-out test performance (N=144)
Positive-Class Sensitivity (Recall),81.94%,69.44%,Evaluated on 72 target cases
Negative-Class Specificity,87.50%,84.72%,Evaluated on 72 control cases
Positive Predictive Value (Precision),86.76%,81.97%,Precision on positive predictions
F1-Score,84.29%,75.19%,Harmonic mean of precision and recall
ROC-AUC,89.81%,81.10%,Area under receiver operating characteristic
Confusion Matrix (TN / FP / FN / TP),63 / 9 / 13 / 59,61 / 11 / 22 / 50,Evaluated on 144 held-out samples
Generalization (Train vs Test Acc),100.00% vs 84.72% (Gap: 15.28%),Unverified (training log not located),Calculated from curated train (N=324) and test (N=144)
Training Time,118.49 ms (Measured),Unverified / Unmeasured,XGBoost measured on CPU (N=50 runs)
Single-Sample Latency (Mean),1.97 ms (Measured),Unverified / Unmeasured,XGBoost measured on CPU (N=1000 runs)
Single-Sample Latency (P50 / P95 / P99),1.88 ms / 2.60 ms / 3.94 ms,Unverified / Unmeasured,Distribution across 1000 single-sample inferences
Batch Inference Time (144 Samples),2.22 ms (15.4 µs/sample),Unverified / Unmeasured,XGBoost measured on CPU (N=200 batch runs)
Model Artifact Size,219.2 KB,Unverified (file missing),Exact file size on disk
Quantum Advantage Observed,No (Classical Baseline),No (QML accuracy lower by 7.64%),XGBoost outperforms QML across all metrics
